CREATE DATABASE  IF NOT EXISTS `korporativ_portal` /*!40100 DEFAULT CHARACTER SET utf8 */;
USE `korporativ_portal`;
-- MySQL dump 10.13  Distrib 5.7.9, for Win64 (x86_64)
--
-- Host: localhost    Database: korporativ_portal
-- ------------------------------------------------------
-- Server version	5.7.10-log

/*!40101 SET @OLD_CHARACTER_SET_CLIENT=@@CHARACTER_SET_CLIENT */;
/*!40101 SET @OLD_CHARACTER_SET_RESULTS=@@CHARACTER_SET_RESULTS */;
/*!40101 SET @OLD_COLLATION_CONNECTION=@@COLLATION_CONNECTION */;
/*!40101 SET NAMES utf8 */;
/*!40103 SET @OLD_TIME_ZONE=@@TIME_ZONE */;
/*!40103 SET TIME_ZONE='+00:00' */;
/*!40014 SET @OLD_UNIQUE_CHECKS=@@UNIQUE_CHECKS, UNIQUE_CHECKS=0 */;
/*!40014 SET @OLD_FOREIGN_KEY_CHECKS=@@FOREIGN_KEY_CHECKS, FOREIGN_KEY_CHECKS=0 */;
/*!40101 SET @OLD_SQL_MODE=@@SQL_MODE, SQL_MODE='NO_AUTO_VALUE_ON_ZERO' */;
/*!40111 SET @OLD_SQL_NOTES=@@SQL_NOTES, SQL_NOTES=0 */;

--
-- Table structure for table `calendar`
--

DROP TABLE IF EXISTS `calendar`;
/*!40101 SET @saved_cs_client     = @@character_set_client */;
/*!40101 SET character_set_client = utf8 */;
CREATE TABLE `calendar` (
  `id_calendar` int(11) NOT NULL AUTO_INCREMENT,
  `week` int(2) NOT NULL,
  `quartal` int(1) NOT NULL,
  `date` datetime NOT NULL,
  PRIMARY KEY (`id_calendar`),
  UNIQUE KEY `id_time_UNIQUE` (`id_calendar`)
) ENGINE=InnoDB DEFAULT CHARSET=utf8;
/*!40101 SET character_set_client = @saved_cs_client */;

--
-- Dumping data for table `calendar`
--

LOCK TABLES `calendar` WRITE;
/*!40000 ALTER TABLE `calendar` DISABLE KEYS */;
/*!40000 ALTER TABLE `calendar` ENABLE KEYS */;
UNLOCK TABLES;

--
-- Table structure for table `city`
--

DROP TABLE IF EXISTS `city`;
/*!40101 SET @saved_cs_client     = @@character_set_client */;
/*!40101 SET character_set_client = utf8 */;
CREATE TABLE `city` (
  `id_city` int(11) NOT NULL AUTO_INCREMENT,
  `city_name` varchar(45) DEFAULT NULL,
  `id_country` int(11) NOT NULL,
  PRIMARY KEY (`id_city`),
  KEY `fk_city_country1_idx` (`id_country`),
  CONSTRAINT `FK1dmt4f3nfuon26epr3ueg4e` FOREIGN KEY (`id_country`) REFERENCES `country` (`id_country`),
  CONSTRAINT `fk_city_country1` FOREIGN KEY (`id_country`) REFERENCES `country` (`id_country`) ON DELETE NO ACTION ON UPDATE NO ACTION
) ENGINE=InnoDB AUTO_INCREMENT=1222 DEFAULT CHARSET=utf8;
/*!40101 SET character_set_client = @saved_cs_client */;

--
-- Dumping data for table `city`
--

LOCK TABLES `city` WRITE;
/*!40000 ALTER TABLE `city` DISABLE KEYS */;
INSERT INTO `city` VALUES (1,'Адыгейск',120),(2,'Майкоп',120),(3,'Горно-Алтайск',120),(4,'Алейск',120),(5,'Барнаул',120),(6,'Белокуриха',120),(7,'Бийск',120),(8,'Горняк',120),(9,'Заринск',120),(10,'Змеиногорск',120),(11,'Камень-на-Оби',120),(12,'Новоалтайск',120),(13,'Рубцовск',120),(14,'Славгород',120),(15,'Яровое',120),(16,'Белогорск',120),(17,'Благовещенск',120),(18,'Завитинск',120),(19,'Зея',120),(20,'Райчихинск',120),(21,'Свободный',120),(22,'Сковородино',120),(23,'Тында',120),(24,'Шимановск',120),(25,'Архангельск',120),(26,'Вельск',120),(27,'Каргополь',120),(28,'Коряжма',120),(29,'Котлас',120),(30,'Мезень',120),(31,'Мирный',120),(32,'Новодвинск',120),(33,'Няндома',120),(34,'Онега',120),(35,'Северодвинск',120),(36,'Сольвычегодск',120),(37,'Шенкурск',120),(38,'Астрахань',120),(39,'Ахтубинск',120),(40,'Знаменск',120),(41,'Камызяк',120),(42,'Нариманов',120),(43,'Харабали',120),(44,'Агидель',120),(45,'Баймак',120),(46,'Белебей',120),(47,'Белорецк',120),(48,'Бирск',120),(49,'Благовещенск',120),(50,'Давлеканово',120),(51,'Дюртюли',120),(52,'Ишимбай',120),(53,'Кумертау',120),(54,'Межгорье',120),(55,'Мелеуз',120),(56,'Нефтекамск',120),(57,'Октябрьский',120),(58,'Салават',120),(59,'Сибай',120),(60,'Стерлитамак',120),(61,'Туймазы',120),(62,'Уфа',120),(63,'Учалы',120),(64,'Янаул',120),(65,'Алексеевка',120),(66,'Белгород',120),(67,'Бирюч',120),(68,'Валуйки',120),(69,'Грайворон',120),(70,'Губкин',120),(71,'Короча',120),(72,'Новый Оскол',120),(73,'Старый Оскол',120),(74,'Строитель',120),(75,'Шебекино',120),(76,'Брянск',120),(77,'Дятьково',120),(78,'Жуковка',120),(79,'Злынка',120),(80,'Карачев',120),(81,'Клинцы',120),(82,'Мглин',120),(83,'Новозыбков',120),(84,'Почеп',120),(85,'Севск',120),(86,'Сельцо',120),(87,'Стародуб',120),(88,'Сураж',120),(89,'Трубчевск',120),(90,'Унеча',120),(91,'Фокино',120),(92,'Бабушкин',120),(93,'Гусиноозёрск',120),(94,'Закаменск',120),(95,'Кяхта',120),(96,'Северобайкальск',120),(97,'Улан-Удэ',120),(98,'Александров',120),(99,'Владимир',120),(100,'Вязники',120),(101,'Гороховец',120),(102,'Гусь-Хрустальный',120),(103,'Камешково',120),(104,'Карабаново',120),(105,'Киржач',120),(106,'Ковров',120),(107,'Кольчугино',120),(108,'Костерёво',120),(109,'Курлово',120),(110,'Лакинск',120),(111,'Меленки',120),(112,'Муром',120),(113,'Петушки',120),(114,'Покров',120),(115,'Радужный',120),(116,'Собинка',120),(117,'Струнино',120),(118,'Судогда',120),(119,'Суздаль',120),(120,'Юрьев-Польский',120),(121,'Волгоград',120),(122,'Волжский',120),(123,'Дубовка',120),(124,'Жирновск',120),(125,'Калач-на-Дону',120),(126,'Камышин',120),(127,'Котельниково',120),(128,'Котово',120),(129,'Краснослободск',120),(130,'Ленинск',120),(131,'Михайловка',120),(132,'Николаевск',120),(133,'Новоаннинский',120),(134,'Палласовка',120),(135,'Петров Вал',120),(136,'Серафимович',120),(137,'Суровикино',120),(138,'Урюпинск',120),(139,'Фролово',120),(140,'Бабаево',120),(141,'Белозерск',120),(142,'Великий Устюг',120),(143,'Вологда',120),(144,'Вытегра',120),(145,'Грязовец',120),(146,'Кадников',120),(147,'Кириллов',120),(148,'Красавино',120),(149,'Никольск',120),(150,'Сокол',120),(151,'Тотьма',120),(152,'Устюжна',120),(153,'Харовск',120),(154,'Череповец',120),(155,'Бобров',120),(156,'Богучар',120),(157,'Борисоглебск',120),(158,'Бутурлиновка',120),(159,'Воронеж',120),(160,'Калач',120),(161,'Лиски',120),(162,'Нововоронеж',120),(163,'Новохопёрск',120),(164,'Острогожск',120),(165,'Павловск',120),(166,'Поворино',120),(167,'Россошь',120),(168,'Семилуки',120),(169,'Эртиль',120),(170,'Буйнакск',120),(171,'Дагестанские Огни',120),(172,'Дербент',120),(173,'Избербаш',120),(174,'Каспийск',120),(175,'Кизилюрт',120),(176,'Кизляр',120),(177,'Махачкала',120),(178,'Хасавюрт',120),(179,'Южно-Сухокумск',120),(180,'Биробиджан',120),(181,'Облучье',120),(182,'Балей',120),(183,'Борзя',120),(184,'Краснокаменск',120),(185,'Могоча',120),(186,'Нерчинск',120),(187,'Петровск-Забайкальский',120),(188,'Сретенск',120),(189,'Хилок',120),(190,'Чита',120),(191,'Шилка',120),(192,'Вичуга',120),(193,'Гаврилов Посад',120),(194,'Заволжск',120),(195,'Иваново',120),(196,'Кинешма',120),(197,'Комсомольск',120),(198,'Кохма',120),(199,'Наволоки',120),(200,'Плёс',120),(201,'Приволжск',120),(202,'Пучеж',120),(203,'Родники',120),(204,'Тейково',120),(205,'Фурманов',120),(206,'Шуя',120),(207,'Южа',120),(208,'Юрьевец',120),(209,'Карабулак',120),(210,'Магас',120),(211,'Малгобек',120),(212,'Назрань',120),(213,'Алзамай',120),(214,'Ангарск',120),(215,'Байкальск',120),(216,'Бирюсинск',120),(217,'Бодайбо',120),(218,'Братск',120),(219,'Вихоревка',120),(220,'Железногорск-Илимский',120),(221,'Зима',120),(222,'Иркутск',120),(223,'Киренск',120),(224,'Нижнеудинск',120),(225,'Саянск',120),(226,'Свирск',120),(227,'Слюдянка',120),(228,'Тайшет',120),(229,'Тулун',120),(230,'Усолье-Сибирское',120),(231,'Усть-Илимск',120),(232,'Усть-Кут',120),(233,'Черемхово',120),(234,'Шелехов',120),(235,'Баксан',120),(236,'Майский',120),(237,'Нальчик',120),(238,'Нарткала',120),(239,'Прохладный',120),(240,'Терек',120),(241,'Тырныауз',120),(242,'Чегем',120),(243,'Багратионовск',120),(244,'Балтийск',120),(245,'Гвардейск',120),(246,'Гурьевск',120),(247,'Гусев',120),(248,'Зеленоградск',120),(249,'Калининград',120),(250,'Краснознаменск',120),(251,'Ладушкин',120),(252,'Мамоново',120),(253,'Неман',120),(254,'Нестеров',120),(255,'Озёрск',120),(256,'Пионерский',120),(257,'Полесск',120),(258,'Правдинск',120),(259,'Светлогорск',120),(260,'Светлый',120),(261,'Славск',120),(262,'Советск',120),(263,'Черняховск',120),(264,'Приморск',120),(265,'Городовиковск',120),(266,'Лагань',120),(267,'Элиста',120),(268,'Балабаново',120),(269,'Белоусово',120),(270,'Боровск',120),(271,'Ермолино',120),(272,'Жиздра',120),(273,'Жуков',120),(274,'Калуга',120),(275,'Киров',120),(276,'Козельск',120),(277,'Кондрово',120),(278,'Кремёнки',120),(279,'Людиново',120),(280,'Малоярославец',120),(281,'Медынь',120),(282,'Мещовск',120),(283,'Мосальск',120),(284,'Обнинск',120),(285,'Сосенский',120),(286,'Спас-Деменск',120),(287,'Сухиничи',120),(288,'Таруса',120),(289,'Юхнов',120),(290,'Вилючинск',120),(291,'Елизово',120),(292,'Петропавловск-Камчатский',120),(293,'Карачаевск',120),(294,'Теберда',120),(295,'Усть-Джегута',120),(296,'Черкесск',120),(297,'Беломорск',120),(298,'Кемь',120),(299,'Кондопога',120),(300,'Костомукша',120),(301,'Лахденпохья',120),(302,'Медвежьегорск',120),(303,'Олонец',120),(304,'Петрозаводск',120),(305,'Питкяранта',120),(306,'Пудож',120),(307,'Сегежа',120),(308,'Сортавала',120),(309,'Суоярви',120),(310,'Анжеро-Судженск',120),(311,'Белово',120),(312,'Берёзовский',120),(313,'Гурьевск',120),(314,'Калтан',120),(315,'Кемерово',120),(316,'Киселёвск',120),(317,'Ленинск-Кузнецкий',120),(318,'Мариинск',120),(319,'Междуреченск',120),(320,'Мыски',120),(321,'Новокузнецк',120),(322,'Осинники',120),(323,'Полысаево',120),(324,'Прокопьевск',120),(325,'Салаир',120),(326,'Тайга',120),(327,'Таштагол',120),(328,'Топки',120),(329,'Юрга',120),(330,'Белая Холуница',120),(331,'Вятские Поляны',120),(332,'Зуевка',120),(333,'Киров',120),(334,'Кирово-Чепецк',120),(335,'Кирс',120),(336,'Котельнич',120),(337,'Луза',120),(338,'Малмыж',120),(339,'Мураши',120),(340,'Нолинск',120),(341,'Омутнинск',120),(342,'Орлов',120),(343,'Слободской',120),(344,'Советск',120),(345,'Сосновка',120),(346,'Уржум',120),(347,'Яранск',120),(348,'Воркута',120),(349,'Вуктыл',120),(350,'Емва',120),(351,'Инта',120),(352,'Микунь',120),(353,'Печора',120),(354,'Сосногорск',120),(355,'Сыктывкар',120),(356,'Усинск',120),(357,'Ухта',120),(358,'Буй',120),(359,'Волгореченск',120),(360,'Галич',120),(361,'Кологрив',120),(362,'Кострома',120),(363,'Макарьев',120),(364,'Мантурово',120),(365,'Нерехта',120),(366,'Нея',120),(367,'Солигалич',120),(368,'Чухлома',120),(369,'Шарья',120),(370,'Абинск',120),(371,'Анапа',120),(372,'Апшеронск',120),(373,'Армавир',120),(374,'Белореченск',120),(375,'Геленджик',120),(376,'Горячий Ключ',120),(377,'Гулькевичи',120),(378,'Ейск',120),(379,'Кореновск',120),(380,'Краснодар',120),(381,'Кропоткин',120),(382,'Крымск',120),(383,'Курганинск',120),(384,'Лабинск',120),(385,'Новокубанск',120),(386,'Новороссийск',120),(387,'Приморско-Ахтарск',120),(388,'Славянск-на-Кубани',120),(389,'Сочи',120),(390,'Темрюк',120),(391,'Тимашёвск',120),(392,'Тихорецк',120),(393,'Туапсе',120),(394,'Усть-Лабинск',120),(395,'Хадыженск',120),(396,'Артёмовск',120),(397,'Ачинск',120),(398,'Боготол',120),(399,'Бородино',120),(400,'Дивногорск',120),(401,'Дудинка',120),(402,'Енисейск',120),(403,'Железногорск',120),(404,'Заозёрный',120),(405,'Зеленогорск',120),(406,'Игарка',120),(407,'Иланский',120),(408,'Канск',120),(409,'Кодинск',120),(410,'Красноярск',120),(411,'Лесосибирск',120),(412,'Минусинск',120),(413,'Назарово',120),(414,'Норильск',120),(415,'Сосновоборск',120),(416,'Ужур',120),(417,'Уяр',120),(418,'Шарыпово',120),(419,'Далматово',120),(420,'Катайск',120),(421,'Курган',120),(422,'Куртамыш',120),(423,'Макушино',120),(424,'Петухово',120),(425,'Шадринск',120),(426,'Шумиха',120),(427,'Щучье',120),(428,'Дмитриев',120),(429,'Железногорск',120),(430,'Курск',120),(431,'Курчатов',120),(432,'Льгов',120),(433,'Обоянь',120),(434,'Рыльск',120),(435,'Суджа',120),(436,'Фатеж',120),(437,'Щигры',120),(438,'Бокситогорск',120),(439,'Волосово',120),(440,'Волхов',120),(441,'Всеволожск',120),(442,'Выборг',120),(443,'Высоцк',120),(444,'Гатчина',120),(445,'Ивангород',120),(446,'Каменногорск',120),(447,'Кингисепп',120),(448,'Кириши',120),(449,'Кировск',120),(450,'Коммунар',120),(451,'Лодейное Поле',120),(452,'Луга',120),(453,'Любань',120),(454,'Никольское',120),(455,'Новая Ладога',120),(456,'Отрадное',120),(457,'Пикалёво',120),(458,'Подпорожье',120),(459,'Приморск',120),(460,'Приозерск',120),(461,'Светогорск',120),(462,'Сертолово',120),(463,'Сланцы',120),(464,'Сосновый Бор',120),(465,'Сясьстрой',120),(466,'Тихвин',120),(467,'Тосно',120),(468,'Шлиссельбург',120),(469,'Грязи',120),(470,'Данков',120),(471,'Елец',120),(472,'Задонск',120),(473,'Лебедянь',120),(474,'Липецк',120),(475,'Усмань',120),(476,'Чаплыгин',120),(477,'Магадан',120),(478,'Сусуман',120),(479,'Волжск',120),(480,'Звенигово',120),(481,'Йошкар-Ола',120),(482,'Козьмодемьянск',120),(483,'Ардатов',120),(484,'Инсар',120),(485,'Ковылкино',120),(486,'Краснослободск',120),(487,'Рузаевка',120),(488,'Саранск',120),(489,'Темников',120),(490,'Москва',120),(491,'Апрелевка',120),(492,'Балашиха',120),(493,'Бронницы',120),(494,'Верея',120),(495,'Видное',120),(496,'Волоколамск',120),(497,'Воскресенск',120),(498,'Высоковск',120),(499,'Голицыно',120),(500,'Дедовск',120),(501,'Дзержинский',120),(502,'Дмитров',120),(503,'Долгопрудный',120),(504,'Домодедово',120),(505,'Дрезна',120),(506,'Дубна',120),(507,'Егорьевск',120),(508,'Железнодорожный',120),(509,'Жуковский',120),(510,'Зарайск',120),(511,'Звенигород',120),(512,'Ивантеевка',120),(513,'Истра',120),(514,'Кашира',120),(515,'Климовск',120),(516,'Клин',120),(517,'Коломна',120),(518,'Котельники',120),(519,'Королёв',120),(520,'Красноармейск',120),(521,'Красногорск',120),(522,'Краснозаводск',120),(523,'Краснознаменск',120),(524,'Кубинка',120),(525,'Куровское',120),(526,'Ликино-Дулёво',120),(527,'Лобня',120),(528,'Лосино-Петровский',120),(529,'Луховицы',120),(530,'Лыткарино',120),(531,'Люберцы',120),(532,'Можайск',120),(533,'Московский',120),(534,'Мытищи',120),(535,'Наро-Фоминск',120),(536,'Ногинск',120),(537,'Одинцово',120),(538,'Ожерелье',120),(539,'Озёры',120),(540,'Орехово-Зуево',120),(541,'Павловский Посад',120),(542,'Пересвет',120),(543,'Подольск',120),(544,'Протвино',120),(545,'Пушкино',120),(546,'Пущино',120),(547,'Раменское',120),(548,'Реутов',120),(549,'Рошаль',120),(550,'Руза',120),(551,'Сергиев Посад',120),(552,'Серпухов',120),(553,'Солнечногорск',120),(554,'Старая Купавна',120),(555,'Ступино',120),(556,'Талдом',120),(557,'Троицк',120),(558,'Фрязино',120),(559,'Химки',120),(560,'Хотьково',120),(561,'Черноголовка',120),(562,'Чехов',120),(563,'Шатура',120),(564,'Щёлково',120),(565,'Щербинка',120),(566,'Электрогорск',120),(567,'Электросталь',120),(568,'Электроугли',120),(569,'Юбилейный',120),(570,'Яхрома',120),(571,'Апатиты',120),(572,'Гаджиево',120),(573,'Заозёрск',120),(574,'Заполярный',120),(575,'Кандалакша',120),(576,'Кировск',120),(577,'Ковдор',120),(578,'Кола',120),(579,'Мончегорск',120),(580,'Мурманск',120),(581,'Оленегорск',120),(582,'Островной',120),(583,'Полярные Зори',120),(584,'Полярный',120),(585,'Североморск',120),(586,'Снежногорск',120),(587,'Нарьян-Мар',120),(588,'Арзамас',120),(589,'Балахна',120),(590,'Богородск',120),(591,'Бор',120),(592,'Ветлуга',120),(593,'Володарск',120),(594,'Ворсма',120),(595,'Выкса',120),(596,'Горбатов',120),(597,'Городец',120),(598,'Дзержинск',120),(599,'Заволжье',120),(600,'Княгинино',120),(601,'Кстово',120),(602,'Кулебаки',120),(603,'Лукоянов',120),(604,'Лысково',120),(605,'Навашино',120),(606,'Нижний Новгород',120),(607,'Павлово',120),(608,'Первомайск',120),(609,'Перевоз',120),(610,'Саров',120),(611,'Семёнов',120),(612,'Сергач',120),(613,'Урень',120),(614,'Чкаловск',120),(615,'Шахунья',120),(616,'Боровичи',120),(617,'Валдай',120),(618,'Великий Новгород',120),(619,'Малая Вишера',120),(620,'Окуловка',120),(621,'Пестово',120),(622,'Сольцы',120),(623,'Старая Русса',120),(624,'Холм',120),(625,'Чудово',120),(626,'Барабинск',120),(627,'Бердск',120),(628,'Болотное',120),(629,'Искитим',120),(630,'Карасук',120),(631,'Каргат',120),(632,'Куйбышев',120),(633,'Купино',120),(634,'Новосибирск',120),(635,'Обь',120),(636,'Татарск',120),(637,'Тогучин',120),(638,'Черепаново',120),(639,'Чулым',120),(640,'Исилькуль',120),(641,'Калачинск',120),(642,'Называевск',120),(643,'Омск',120),(644,'Тара',120),(645,'Тюкалинск',120),(646,'Абдулино',120),(647,'Бугуруслан',120),(648,'Бузулук',120),(649,'Гай',120),(650,'Кувандык',120),(651,'Медногорск',120),(652,'Новотроицк',120),(653,'Оренбург',120),(654,'Орск',120),(655,'Соль-Илецк',120),(656,'Сорочинск',120),(657,'Ясный',120),(658,'Болхов',120),(659,'Дмитровск',120),(660,'Ливны',120),(661,'Малоархангельск',120),(662,'Мценск',120),(663,'Новосиль',120),(664,'Орёл',120),(665,'Белинский',120),(666,'Городище',120),(667,'Заречный',120),(668,'Каменка',120),(669,'Кузнецк',120),(670,'Нижний Ломов',120),(671,'Никольск',120),(672,'Пенза',120),(673,'Сердобск',120),(674,'Спасск',120),(675,'Сурск',120),(676,'Александровск',120),(677,'Березники',120),(678,'Верещагино',120),(679,'Горнозаводск',120),(680,'Гремячинск',120),(681,'Губаха',120),(682,'Добрянка',120),(683,'Кизел',120),(684,'Красновишерск',120),(685,'Краснокамск',120),(686,'Кудымкар',120),(687,'Кунгур',120),(688,'Лысьва',120),(689,'Нытва',120),(690,'Оса',120),(691,'Оханск',120),(692,'Очёр',120),(693,'Пермь',120),(694,'Соликамск',120),(695,'Усолье',120),(696,'Чайковский',120),(697,'Чердынь',120),(698,'Чёрмоз',120),(699,'Чернушка',120),(700,'Чусовой',120),(701,'Арсеньев',120),(702,'Артём',120),(703,'Большой Камень',120),(704,'Владивосток',120),(705,'Дальнегорск',120),(706,'Дальнереченск',120),(707,'Лесозаводск',120),(708,'Находка',120),(709,'Партизанск',120),(710,'Спасск-Дальний',120),(711,'Уссурийск',120),(712,'Фокино',120),(713,'Великие Луки',120),(714,'Гдов',120),(715,'Дно',120),(716,'Невель',120),(717,'Новоржев',120),(718,'Новосокольники',120),(719,'Опочка',120),(720,'Остров',120),(721,'Печоры',120),(722,'Порхов',120),(723,'Псков',120),(724,'Пустошка',120),(725,'Пыталово',120),(726,'Себеж',120),(727,'Азов',120),(728,'Аксай',120),(729,'Батайск',120),(730,'Белая Калитва',120),(731,'Волгодонск',120),(732,'Гуково',120),(733,'Донецк',120),(734,'Зверево',120),(735,'Зерноград',120),(736,'Каменск-Шахтинский',120),(737,'Константиновск',120),(738,'Красный Сулин',120),(739,'Миллерово',120),(740,'Морозовск',120),(741,'Новочеркасск',120),(742,'Новошахтинск',120),(743,'Пролетарск',120),(744,'Ростов-на-Дону',120),(745,'Сальск',120),(746,'Семикаракорск',120),(747,'Таганрог',120),(748,'Цимлянск',120),(749,'Шахты',120),(750,'Касимов',120),(751,'Кораблино',120),(752,'Михайлов',120),(753,'Новомичуринск',120),(754,'Рыбное',120),(755,'Ряжск',120),(756,'Рязань',120),(757,'Сасово',120),(758,'Скопин',120),(759,'Спас-Клепики',120),(760,'Спасск-Рязанский',120),(761,'Шацк',120),(762,'Жигулёвск',120),(763,'Кинель',120),(764,'Нефтегорск',120),(765,'Новокуйбышевск',120),(766,'Октябрьск',120),(767,'Отрадный',120),(768,'Похвистнево',120),(769,'Самара',120),(770,'Сызрань',120),(771,'Тольятти',120),(772,'Чапаевск',120),(773,'Зеленогорск',120),(774,'Колпино',120),(775,'Красное Село',120),(776,'Кронштадт',120),(777,'Ломоносов',120),(778,'Павловск',120),(779,'Петергоф',120),(780,'Пушкин',120),(781,'Санкт-Петербург',120),(782,'Сестрорецк',120),(783,'Аркадак',120),(784,'Аткарск',120),(785,'Балаково',120),(786,'Балашов',120),(787,'Вольск',120),(788,'Ершов',120),(789,'Калининск',120),(790,'Красноармейск',120),(791,'Красный Кут',120),(792,'Маркс',120),(793,'Новоузенск',120),(794,'Петровск',120),(795,'Пугачёв',120),(796,'Ртищево',120),(797,'Саратов',120),(798,'Хвалынск',120),(799,'Шиханы',120),(800,'Энгельс',120),(801,'Александровск-Сахалинский',120),(802,'Анива',120),(803,'Долинск',120),(804,'Корсаков',120),(805,'Курильск',120),(806,'Макаров',120),(807,'Невельск',120),(808,'Оха',120),(809,'Поронайск',120),(810,'Северо-Курильск',120),(811,'Томари',120),(812,'Углегорск',120),(813,'Холмск',120),(814,'Шахтёрск',120),(815,'Южно-Сахалинск',120),(816,'Алапаевск',120),(817,'Арамиль',120),(818,'Артёмовский',120),(819,'Асбест',120),(820,'Берёзовский',120),(821,'Богданович',120),(822,'Верхний Тагил',120),(823,'Верхняя Пышма',120),(824,'Верхняя Салда',120),(825,'Верхняя Тура',120),(826,'Верхотурье',120),(827,'Волчанск',120),(828,'Дегтярск',120),(829,'Екатеринбург',120),(830,'Заречный',120),(831,'Ивдель',120),(832,'Ирбит',120),(833,'Каменск-Уральский',120),(834,'Камышлов',120),(835,'Карпинск',120),(836,'Качканар',120),(837,'Кировград',120),(838,'Краснотурьинск',120),(839,'Красноуральск',120),(840,'Красноуфимск',120),(841,'Кушва',120),(842,'Лесной',120),(843,'Михайловск',120),(844,'Невьянск',120),(845,'Нижние Серги',120),(846,'Нижний Тагил',120),(847,'Нижняя Салда',120),(848,'Нижняя Тура',120),(849,'Новая Ляля',120),(850,'Новоуральск',120),(851,'Первоуральск',120),(852,'Полевской',120),(853,'Ревда',120),(854,'Реж',120),(855,'Североуральск',120),(856,'Серов',120),(857,'Среднеуральск',120),(858,'Сухой Лог',120),(859,'Сысерть',120),(860,'Тавда',120),(861,'Талица',120),(862,'Туринск',120),(863,'Алагир',120),(864,'Ардон',120),(865,'Беслан',120),(866,'Владикавказ',120),(867,'Дигора',120),(868,'Моздок',120),(869,'Велиж',120),(870,'Вязьма',120),(871,'Гагарин',120),(872,'Демидов',120),(873,'Десногорск',120),(874,'Дорогобуж',120),(875,'Духовщина',120),(876,'Ельня',120),(877,'Починок',120),(878,'Рославль',120),(879,'Рудня',120),(880,'Сафоново',120),(881,'Смоленск',120),(882,'Сычёвка',120),(883,'Ярцево',120),(884,'Благодарный',120),(885,'Будённовск',120),(886,'Георгиевск',120),(887,'Ессентуки',120),(888,'Железноводск',120),(889,'Зеленокумск',120),(890,'Изобильный',120),(891,'Ипатово',120),(892,'Кисловодск',120),(893,'Лермонтов',120),(894,'Минеральные Воды',120),(895,'Михайловск',120),(896,'Невинномысск',120),(897,'Нефтекумск',120),(898,'Новоалександровск',120),(899,'Новопавловск',120),(900,'Пятигорск',120),(901,'Светлоград',120),(902,'Ставрополь',120),(903,'Жердевка',120),(904,'Кирсанов',120),(905,'Котовск',120),(906,'Мичуринск',120),(907,'Моршанск',120),(908,'Рассказово',120),(909,'Тамбов',120),(910,'Уварово',120),(911,'Агрыз',120),(912,'Азнакаево',120),(913,'Альметьевск',120),(914,'Арск',120),(915,'Бавлы',120),(916,'Болгар',120),(917,'Бугульма',120),(918,'Буинск',120),(919,'Елабуга',120),(920,'Заинск',120),(921,'Зеленодольск',120),(922,'Казань',120),(923,'Лаишево',120),(924,'Лениногорск',120),(925,'Мамадыш',120),(926,'Менделеевск',120),(927,'Мензелинск',120),(928,'Набережные Челны',120),(929,'Нижнекамск',120),(930,'Нурлат',120),(931,'Тетюши',120),(932,'Чистополь',120),(933,'Андреаполь',120),(934,'Бежецк',120),(935,'Белый',120),(936,'Бологое',120),(937,'Весьегонск',120),(938,'Вышний Волочёк',120),(939,'Западная Двина',120),(940,'Зубцов',120),(941,'Калязин',120),(942,'Кашин',120),(943,'Кимры',120),(944,'Конаково',120),(945,'Красный Холм',120),(946,'Кувшиново',120),(947,'Лихославль',120),(948,'Нелидово',120),(949,'Осташков',120),(950,'Ржев',120),(951,'Старица',120),(952,'Тверь',120),(953,'Торжок',120),(954,'Торопец',120),(955,'Удомля',120),(956,'Асино',120),(957,'Кедровый',120),(958,'Колпашево',120),(959,'Северск',120),(960,'Стрежевой',120),(961,'Томск',120),(962,'Алексин',120),(963,'Белёв',120),(964,'Богородицк',120),(965,'Болохово',120),(966,'Венёв',120),(967,'Донской',120),(968,'Ефремов',120),(969,'Кимовск',120),(970,'Киреевск',120),(971,'Липки',120),(972,'Новомосковск',120),(973,'Плавск',120),(974,'Суворов',120),(975,'Тула',120),(976,'Узловая',120),(977,'Чекалин',120),(978,'Щёкино',120),(979,'Ясногорск',120),(980,'Советск',120),(981,'Ак-Довурак',120),(982,'Кызыл',120),(983,'Туран',120),(984,'Чадан',120),(985,'Шагонар',120),(986,'Заводоуковск',120),(987,'Ишим',120),(988,'Тобольск',120),(989,'Тюмень',120),(990,'Ялуторовск',120),(991,'Воткинск',120),(992,'Глазов',120),(993,'Ижевск',120),(994,'Камбарка',120),(995,'Можга',120),(996,'Сарапул',120),(997,'Барыш',120),(998,'Димитровград',120),(999,'Инза',120),(1000,'Новоульяновск',120),(1001,'Сенгилей',120),(1002,'Ульяновск',120),(1003,'Амурск',120),(1004,'Бикин',120),(1005,'Вяземский',120),(1006,'Комсомольск-на-Амуре',120),(1007,'Николаевск-на-Амуре',120),(1008,'Советская Гавань',120),(1009,'Хабаровск',120),(1010,'Абаза',120),(1011,'Абакан',120),(1012,'Саяногорск',120),(1013,'Сорск',120),(1014,'Черногорск',120),(1015,'Белоярский',120),(1016,'Когалым',120),(1017,'Лангепас',120),(1018,'Лянтор',120),(1019,'Мегион',120),(1020,'Нефтеюганск',120),(1021,'Нижневартовск',120),(1022,'Нягань',120),(1023,'Покачи',120),(1024,'Пыть-Ях',120),(1025,'Радужный',120),(1026,'Советский',120),(1027,'Сургут',120),(1028,'Урай',120),(1029,'Ханты-Мансийск',120),(1030,'Югорск',120),(1031,'Аша',120),(1032,'Бакал',120),(1033,'Верхнеуральск',120),(1034,'Верхний Уфалей',120),(1035,'Еманжелинск',120),(1036,'Златоуст',120),(1037,'Карабаш',120),(1038,'Карталы',120),(1039,'Касли',120),(1040,'Катав-Ивановск',120),(1041,'Копейск',120),(1042,'Коркино',120),(1043,'Куса',120),(1044,'Кыштым',120),(1045,'Магнитогорск',120),(1046,'Миасс',120),(1047,'Миньяр',120),(1048,'Нязепетровск',120),(1049,'Озёрск',120),(1050,'Пласт',120),(1051,'Сатка',120),(1052,'Сим',120),(1053,'Снежинск',120),(1054,'Трёхгорный',120),(1055,'Троицк',120),(1056,'Усть-Катав',120),(1057,'Чебаркуль',120),(1058,'Челябинск',120),(1059,'Южноуральск',120),(1060,'Юрюзань',120),(1061,'Аргун',120),(1062,'Грозный',120),(1063,'Гудермес',120),(1064,'Урус-Мартан',120),(1065,'Шали',120),(1066,'Алатырь',120),(1067,'Канаш',120),(1068,'Козловка',120),(1069,'Мариинский Посад',120),(1070,'Новочебоксарск',120),(1071,'Цивильск',120),(1072,'Чебоксары',120),(1073,'Шумерля',120),(1074,'Ядрин',120),(1075,'Анадырь',120),(1076,'Билибино',120),(1077,'Певек',120),(1078,'Алдан',120),(1079,'Верхоянск',120),(1080,'Вилюйск',120),(1081,'Ленск',120),(1082,'Мирный',120),(1083,'Нерюнгри',120),(1084,'Нюрба',120),(1085,'Олёкминск',120),(1086,'Покровск',120),(1087,'Среднеколымск',120),(1088,'Томмот',120),(1089,'Удачный',120),(1090,'Якутск',120),(1091,'Губкинский',120),(1092,'Лабытнанги',120),(1093,'Муравленко',120),(1094,'Надым',120),(1095,'Новый Уренгой',120),(1096,'Ноябрьск',120),(1097,'Салехард',120),(1098,'Тарко-Сале',120),(1099,'Гаврилов-Ям',120),(1100,'Данилов',120),(1101,'Любим',120),(1102,'Мышкин',120),(1103,'Переславль-Залесский',120),(1104,'Пошехонье',120),(1105,'Ростов',120),(1106,'Рыбинск',120),(1107,'Тутаев',120),(1108,'Углич',120),(1109,'Ярославль',120),(1110,'Бобруйск',15),(1111,'Барановичи',15),(1112,'Борисов',15),(1113,'Барань',15),(1114,'Белоозерск',15),(1115,'Береза',15),(1116,'Березино',15),(1117,'Березовка',15),(1118,'Браслав',15),(1119,'Брест',15),(1120,'Буда-Кошелево',15),(1121,'Быхов',15),(1122,'Василевичи',15),(1123,'Верхнедвинск',15),(1124,'Ветка',15),(1125,'Вилейка',15),(1126,'Витебск',15),(1127,'Волковыск',15),(1128,'Воложин',15),(1129,'Высокое',15),(1130,'Ганцевичи',15),(1131,'Глубокое',15),(1132,'Гомель',15),(1133,'Горки',15),(1134,'Городок',15),(1135,'Гродно',15),(1136,'Давид-Городок',15),(1137,'Дзержинск',15),(1138,'Дисна',15),(1139,'Добруш',15),(1140,'Докшицы',15),(1141,'Дрогичин',15),(1142,'Дубровно',15),(1143,'Дятлово',15),(1144,'Ельск',15),(1145,'Жодино',15),(1146,'Жабинка',15),(1147,'Житковичи',15),(1148,'Жлобин',15),(1149,'Заславль',15),(1150,'Иваново',15),(1151,'Ивацевичи',15),(1152,'Ивье',15),(1153,'Калинковичи',15),(1154,'Каменец',15),(1155,'Кировск',15),(1156,'Клецк',15),(1157,'Климовичи',15),(1158,'Кличев',15),(1159,'Кобрин',15),(1160,'Копыль',15),(1161,'Коссово',15),(1162,'Костюковичи',15),(1163,'Кричев',15),(1164,'Крупки',15),(1165,'Лепель',15),(1166,'Лида',15),(1167,'Логойск',15),(1168,'Лунинец',15),(1169,'Любань',15),(1170,'Ляховичи',15),(1171,'Мозырь',15),(1172,'Малорита',15),(1173,'Марьина Горка',15),(1174,'Микашевичи',15),(1175,'Минск',15),(1176,'Миоры',15),(1177,'Могилев',15),(1178,'Молодечно',15),(1179,'Мосты',15),(1180,'Мстиславль',15),(1181,'Мядель',15),(1182,'Новополоцк',15),(1183,'Наровля',15),(1184,'Несвиж',15),(1185,'Новогрудок',15),(1186,'Новолукомль.',15),(1187,'Орша',15),(1188,'Осиповичи',15),(1189,'Ошмяны',15),(1190,'Пинск',15),(1191,'Полоцк',15),(1192,'Петриков',15),(1193,'Поставы',15),(1194,'Пружаны',15),(1195,'Речица',15),(1196,'Рогачев',15),(1197,'Светлогорск',15),(1198,'Свислочь',15),(1199,'Сенно',15),(1200,'Скидель',15),(1201,'Славгород',15),(1202,'Слоним',15),(1203,'Слуцк',15),(1204,'Смолевичи',15),(1205,'Сморгонь',15),(1206,'Солигорск',15),(1207,'Старые Дороги',15),(1208,'Столбцы',15),(1209,'Столин',15),(1210,'Толочин',15),(1211,'Туров',15),(1212,'Узда',15),(1213,'Фаниполь',15),(1214,'Хойники',15),(1215,'Чаусы',15),(1216,'Чашники',15),(1217,'Червень',15),(1218,'Чериков',15),(1219,'Чечерск',15),(1220,'Шклов',15),(1221,'Щучин',15);
/*!40000 ALTER TABLE `city` ENABLE KEYS */;
UNLOCK TABLES;

--
-- Table structure for table `comment`
--

DROP TABLE IF EXISTS `comment`;
/*!40101 SET @saved_cs_client     = @@character_set_client */;
/*!40101 SET character_set_client = utf8 */;
CREATE TABLE `comment` (
  `id_comment` int(11) NOT NULL,
  `content` varchar(1000) NOT NULL,
  `record_id_record` int(11) NOT NULL,
  `date` datetime DEFAULT CURRENT_TIMESTAMP,
  `user_id_user` int(11) NOT NULL,
  PRIMARY KEY (`id_comment`),
  KEY `fk_comment_record1_idx` (`record_id_record`),
  KEY `fk_comment_user1_idx` (`user_id_user`),
  CONSTRAINT `FKg8xh6jopuso6dxtrjosq6osex` FOREIGN KEY (`record_id_record`) REFERENCES `record` (`id_record`),
  CONSTRAINT `fk_comment_record1` FOREIGN KEY (`record_id_record`) REFERENCES `record` (`id_record`) ON DELETE NO ACTION ON UPDATE NO ACTION,
  CONSTRAINT `fk_comment_user1` FOREIGN KEY (`user_id_user`) REFERENCES `user` (`id_user`) ON DELETE NO ACTION ON UPDATE NO ACTION
) ENGINE=InnoDB DEFAULT CHARSET=utf8;
/*!40101 SET character_set_client = @saved_cs_client */;

--
-- Dumping data for table `comment`
--

LOCK TABLES `comment` WRITE;
/*!40000 ALTER TABLE `comment` DISABLE KEYS */;
/*!40000 ALTER TABLE `comment` ENABLE KEYS */;
UNLOCK TABLES;

--
-- Table structure for table `country`
--

DROP TABLE IF EXISTS `country`;
/*!40101 SET @saved_cs_client     = @@character_set_client */;
/*!40101 SET character_set_client = utf8 */;
CREATE TABLE `country` (
  `id_country` int(11) NOT NULL AUTO_INCREMENT,
  `country_name` varchar(60) NOT NULL,
  `short_country_name` varchar(45) DEFAULT NULL,
  `key_phone` varchar(45) NOT NULL,
  PRIMARY KEY (`id_country`),
  UNIQUE KEY `country_name_UNIQUE` (`country_name`)
) ENGINE=InnoDB AUTO_INCREMENT=179 DEFAULT CHARSET=utf8;
/*!40101 SET character_set_client = @saved_cs_client */;

--
-- Dumping data for table `country`
--

LOCK TABLES `country` WRITE;
/*!40000 ALTER TABLE `country` DISABLE KEYS */;
INSERT INTO `country` VALUES (1,'Австралия','AU','61'),(2,'Австрия','AT','43'),(3,'Азербайджан','AZ','994'),(4,'Албания','AL','355'),(5,'Алжир','DZ','213'),(6,'Ангола','AO','244'),(7,'Андорра','AD','376'),(8,'Антигуа и Барбуда','AG','1268'),(9,'Аргентина','AR','54'),(10,'Армения','AM','374'),(11,'Афганистан','AF','93'),(12,'Багамские острова','BS','1242'),(13,'Бангладеш ','BD','880'),(14,'Барбадос','BB','1246'),(15,'Беларусь','BY','375'),(16,'Белиз','BZ','501'),(17,'Бельгия ','BE','32'),(18,'Бенин','BJ','229'),(19,'Болгария','BG','359'),(20,'Боливия','BO','591'),(21,'Ботсвана','BW','267'),(22,'Бразилия','BR','55'),(23,'Бруней','BN','673'),(24,'Буркина Фасо','BF','226'),(25,'Бурунди','BI','257'),(26,'Бутан','BT','975'),(27,'Вануату','VU','678'),(28,'Великобритания','GB','44'),(29,'Венгрия','HU','36'),(30,'Венесуэла','VE','58'),(31,'Вьетнам','VN','84'),(32,'Габон','GA','241'),(33,'Гаити','HT','509'),(34,'Гайана','GY','592'),(35,'Гамбия','GM','220'),(36,'Гватемала','GT','502'),(37,'Гвинея','GN','224'),(38,'Гвинея-Бисау','GW','245'),(39,'Германия','DE','49'),(40,'Гондурас','HN','504'),(41,'Гренландия','GL','299'),(42,'Греция','GR','30'),(43,'Грузия','GE','995'),(44,'Джибути','DJ','253'),(45,'Доминика','DM','1767'),(46,'Доминиканская республика','DO','1809'),(47,'Египет','EG','20'),(48,'Замбия','ZM','260'),(49,'Зимбабве','ZW','263'),(50,'Израиль','IL','972'),(51,'Индия','IN','91'),(52,'Индонезия','ID','62'),(53,'Иордания','JO','962'),(54,'Ирак','IQ','964'),(55,'Иран','IR','98'),(56,'Ирландия (Ирландская республика)','IE','353'),(57,'Исландия','IS','354'),(58,'Испания','ES','34'),(59,'Италия','IT','39'),(60,'Йемен','YE','967'),(61,'Кабо-Верде','CV','238'),(62,'Казахстан','KZ','7'),(63,'Камбоджа','KH','855'),(64,'Камерун','CM','237'),(65,'Канада','CA','1'),(66,'Катар','QA','974'),(67,'Кения','KE','254'),(68,'Кипр','CY','357'),(69,'Кирибати ','KI','686'),(70,'Китай ','CN','86'),(71,'Колумбия','CO','57'),(72,'Коморские острова','KM','269'),(73,'Конго ','CG','242'),(74,'Коста-Рика','CR','506'),(75,'Кот-Дивуар','CI','225'),(76,'Куба','CU','53'),(77,'Кувейт ','KW','965'),(78,'Кыргызстан ','KG','996'),(79,'Лаос','LA','856'),(80,'Лесото','LS','266'),(81,'Либерия','LR','231'),(82,'Ливан','LA','856'),(83,'Ливия','LY','218'),(84,'Лихтенштейн','LI','423'),(85,'Люксембург','LU','352'),(86,'Маврикий','MU','230'),(87,'Мавритания','MR','222'),(88,'Мадагаскар','MG','261'),(89,'Малави','MW','265'),(90,'Малайзия','MY','60'),(91,'Мали','ML','223'),(92,'Мальдивы','MV','960'),(93,'Мальта','MT','356'),(94,'Марокко и Западная Сахара','MA','212'),(95,'Маршалловы острова','MH','692'),(96,'Мексика','MX','52'),(97,'Мозамбик','MZ','258'),(98,'Молдова','MD','373'),(99,'Монголия','MN','976'),(100,'Мьянма (Бирма)','MM','95'),(101,'Намибия','NA','264'),(102,'Науру','NR','674'),(103,'Непал','NP','977'),(104,'Нигерия','NG','234'),(105,'Нидерланды (Голландия)','NL','31'),(106,'Никарагуа','NI','505'),(107,'Новая Зеландия ','NZ','64'),(108,'Новая Каледония','NC','687'),(109,'Норвегия ','NO','47'),(110,'Объединенные Арабские Эмираты (ОАЭ)','AE','971'),(111,'Оман','OM','968'),(112,'Пакистан','PK','92'),(113,'Палау','PW','680'),(114,'Панама','PA','507'),(115,'Папуа-Новая Гвинея','PG','675'),(116,'Парагвай','PY','595'),(117,'Перу','PE','51'),(118,'Португалия','PT','351'),(119,'Пуэрто-Рико','PR','1787'),(120,'Россия','RU','7'),(121,'Руанда','RW','250'),(122,'Румыния','RO','40'),(123,'Сальвадор','SV','503'),(124,'Сан-Марино','SM','378'),(125,'Сан-Томе и Принсипи','ST','239'),(126,'Саудовская Аравия','SA','966'),(127,'Свазиленд ','SZ','268'),(128,'Северная Корея','KP','850'),(129,'Сейшельские острова (Сейшелы)','SC','248'),(130,'Сенегал','SN','221'),(131,'Сент-Винсент и Гренадины Гренада','VC','1784'),(132,'Сент-Кристофер и Невис','KN','1869'),(133,'Сент-Люсия','LC','1758'),(134,'Сингапур','SG','65'),(135,'Сирия','SY','963'),(136,'Словения','SI','386'),(137,'Соединенные Штаты Америки (США)','US','1'),(138,'Соломоновы острова','SB','677'),(139,'Сомали','SO','252'),(140,'Судан','SD','249'),(141,'Суринам','SR','597'),(142,'Сьерра-Леоне ','SL','232'),(143,'Таджикистан','TJ','992'),(144,'Таиланд','TH','66'),(145,'Тайвань ','TW','886'),(146,'Танзания','TZ','255'),(147,'Того','TG','228'),(148,'Тонга ','TO','676'),(149,'Тринидад и Тобаго','TT','1868'),(150,'Тувалу','TV','688'),(151,'Тунис','TN','216'),(152,'Туркменистан','TM','993'),(153,'Турция','TR','90'),(154,'Уганда','UG','256'),(155,'Узбекистан','UZ','998'),(156,'Украина','UA','380'),(157,'Уругвай','UY','598'),(158,'Федеративные штаты Микронезии ','FM','691'),(159,'Фиджи ','FJ','679'),(160,'Филиппины ','PH','63'),(161,'Финляндия','FI','358'),(162,'Франция','FR','33'),(163,'Французская Полинезия','PF','689'),(164,'Центральноафриканская Республика (ЦАР)','CF','236'),(165,'Чад','TD','235'),(166,'Чехия','CZ','420'),(167,'Чили','CL','56'),(168,'Швейцария','SZ','268'),(169,'Швеция','SE','46'),(170,'Шри-Ланка','LK','94'),(171,'Эквадор','EC','593'),(172,'Экваториальная Гвинея','GQ','240'),(173,'Эритрея','ER','291'),(174,'Эфиопия','ET','251'),(175,'Южная Корея','KR','82'),(176,'Южно-Африканская Республика (ЮАР)','ZA','27'),(177,'Ямайка','JM','1876'),(178,'Япония ','JP','81');
/*!40000 ALTER TABLE `country` ENABLE KEYS */;
UNLOCK TABLES;

--
-- Table structure for table `department`
--

DROP TABLE IF EXISTS `department`;
/*!40101 SET @saved_cs_client     = @@character_set_client */;
/*!40101 SET character_set_client = utf8 */;
CREATE TABLE `department` (
  `id_department` int(11) NOT NULL AUTO_INCREMENT,
  `name_department` varchar(60) NOT NULL,
  `way_work` varchar(45) DEFAULT NULL,
  PRIMARY KEY (`id_department`),
  UNIQUE KEY `id_division_UNIQUE` (`id_department`)
) ENGINE=InnoDB AUTO_INCREMENT=9 DEFAULT CHARSET=utf8;
/*!40101 SET character_set_client = @saved_cs_client */;

--
-- Dumping data for table `department`
--

LOCK TABLES `department` WRITE;
/*!40000 ALTER TABLE `department` DISABLE KEYS */;
INSERT INTO `department` VALUES (1,'development','web-applications'),(2,'testing','test_soft'),(3,'hr','work_with_employees'),(4,'economic','incoming'),(5,'marketing','piar'),(6,'economic','budget_company'),(7,'design','software'),(8,'design','UI');
/*!40000 ALTER TABLE `department` ENABLE KEYS */;
UNLOCK TABLES;

--
-- Table structure for table `hibernate_sequence`
--

DROP TABLE IF EXISTS `hibernate_sequence`;
/*!40101 SET @saved_cs_client     = @@character_set_client */;
/*!40101 SET character_set_client = utf8 */;
CREATE TABLE `hibernate_sequence` (
  `next_val` bigint(20) DEFAULT NULL
) ENGINE=InnoDB DEFAULT CHARSET=utf8;
/*!40101 SET character_set_client = @saved_cs_client */;

--
-- Dumping data for table `hibernate_sequence`
--

LOCK TABLES `hibernate_sequence` WRITE;
/*!40000 ALTER TABLE `hibernate_sequence` DISABLE KEYS */;
INSERT INTO `hibernate_sequence` VALUES (50),(50),(50),(50),(50),(50),(50),(50),(50),(50),(50),(50),(50);
/*!40000 ALTER TABLE `hibernate_sequence` ENABLE KEYS */;
UNLOCK TABLES;

--
-- Table structure for table `like`
--

DROP TABLE IF EXISTS `like`;
/*!40101 SET @saved_cs_client     = @@character_set_client */;
/*!40101 SET character_set_client = utf8 */;
CREATE TABLE `like` (
  `record_id_record` int(11) NOT NULL,
  `date` datetime DEFAULT CURRENT_TIMESTAMP,
  `user_id_user` int(11) NOT NULL,
  `comment_id_comment` int(11) NOT NULL,
  PRIMARY KEY (`record_id_record`,`user_id_user`),
  KEY `fk_like_record1_idx` (`record_id_record`),
  KEY `fk_like_user1_idx` (`user_id_user`),
  KEY `fk_like_comment1_idx` (`comment_id_comment`),
  CONSTRAINT `fk_like_comment1` FOREIGN KEY (`comment_id_comment`) REFERENCES `comment` (`id_comment`) ON DELETE NO ACTION ON UPDATE NO ACTION,
  CONSTRAINT `fk_like_record1` FOREIGN KEY (`record_id_record`) REFERENCES `record` (`id_record`) ON DELETE NO ACTION ON UPDATE NO ACTION,
  CONSTRAINT `fk_like_user1` FOREIGN KEY (`user_id_user`) REFERENCES `user` (`id_user`) ON DELETE NO ACTION ON UPDATE NO ACTION
) ENGINE=InnoDB DEFAULT CHARSET=utf8;
/*!40101 SET character_set_client = @saved_cs_client */;

--
-- Dumping data for table `like`
--

LOCK TABLES `like` WRITE;
/*!40000 ALTER TABLE `like` DISABLE KEYS */;
/*!40000 ALTER TABLE `like` ENABLE KEYS */;
UNLOCK TABLES;

--
-- Table structure for table `message`
--

DROP TABLE IF EXISTS `message`;
/*!40101 SET @saved_cs_client     = @@character_set_client */;
/*!40101 SET character_set_client = utf8 */;
CREATE TABLE `message` (
  `id_message` int(11) NOT NULL AUTO_INCREMENT,
  `content` varchar(500) NOT NULL,
  `id_user_sender` int(11) NOT NULL,
  `date` datetime NOT NULL DEFAULT CURRENT_TIMESTAMP,
  `unreaded` bit(2) NOT NULL DEFAULT b'1',
  PRIMARY KEY (`id_message`),
  KEY `fk_message_user1_idx` (`id_user_sender`),
  CONSTRAINT `fk_message_user1` FOREIGN KEY (`id_user_sender`) REFERENCES `user` (`id_user`) ON DELETE NO ACTION ON UPDATE NO ACTION
) ENGINE=InnoDB AUTO_INCREMENT=28 DEFAULT CHARSET=utf8;
/*!40101 SET character_set_client = @saved_cs_client */;

--
-- Dumping data for table `message`
--

LOCK TABLES `message` WRITE;
/*!40000 ALTER TABLE `message` DISABLE KEYS */;
INSERT INTO `message` VALUES (17,'Hello)',1,'2016-02-03 00:00:00','\0'),(18,'What\'s up?',2,'2016-04-08 00:00:00','\0'),(19,'That\'s great!',2,'2016-07-21 00:00:00','\0'),(20,'What did he say?',1,'2016-08-06 00:00:00','\0'),(21,'Привет, чем занимаешься?',3,'2016-08-05 20:05:00','\0'),(22,'На какой стадии находится разработка тз?',4,'2016-08-15 00:00:00',''),(23,'Траляля',5,'2016-08-05 10:23:00','\0'),(24,'Где босс?',3,'2016-08-25 00:00:00',''),(25,'А когда дают тебе отпуск',5,'2016-08-15 12:30:00',''),(26,'У нас горит проект, сегодня дедлайн',4,'2016-08-07 00:00:00','\0'),(27,'Так мы идём в бар или нет?)',5,'2016-08-05 12:16:00','\0');
/*!40000 ALTER TABLE `message` ENABLE KEYS */;
UNLOCK TABLES;

--
-- Table structure for table `message_receiver`
--

DROP TABLE IF EXISTS `message_receiver`;
/*!40101 SET @saved_cs_client     = @@character_set_client */;
/*!40101 SET character_set_client = utf8 */;
CREATE TABLE `message_receiver` (
  `id_message` int(11) NOT NULL,
  `id_user_receiver` int(11) NOT NULL,
  PRIMARY KEY (`id_message`,`id_user_receiver`),
  KEY `fk_message_has_user_user1_idx` (`id_user_receiver`),
  KEY `fk_message_has_user_message1_idx` (`id_message`),
  CONSTRAINT `FK7p4qdgg4xjrjjm2251buf2sh1` FOREIGN KEY (`id_message`) REFERENCES `message` (`id_message`),
  CONSTRAINT `FKnwh77qhtoej7ol4kyjvwrtgky` FOREIGN KEY (`id_user_receiver`) REFERENCES `user` (`id_user`),
  CONSTRAINT `fk_message_has_user_message1` FOREIGN KEY (`id_message`) REFERENCES `message` (`id_message`) ON DELETE NO ACTION ON UPDATE NO ACTION,
  CONSTRAINT `fk_message_has_user_user1` FOREIGN KEY (`id_user_receiver`) REFERENCES `user` (`id_user`) ON DELETE NO ACTION ON UPDATE NO ACTION
) ENGINE=InnoDB DEFAULT CHARSET=utf8;
/*!40101 SET character_set_client = @saved_cs_client */;

--
-- Dumping data for table `message_receiver`
--

LOCK TABLES `message_receiver` WRITE;
/*!40000 ALTER TABLE `message_receiver` DISABLE KEYS */;
INSERT INTO `message_receiver` VALUES (17,3),(21,3),(22,3),(23,3),(24,3),(25,3),(26,3),(27,3),(19,4),(18,5),(20,5);
/*!40000 ALTER TABLE `message_receiver` ENABLE KEYS */;
UNLOCK TABLES;

--
-- Table structure for table `person`
--

DROP TABLE IF EXISTS `person`;
/*!40101 SET @saved_cs_client     = @@character_set_client */;
/*!40101 SET character_set_client = utf8 */;
CREATE TABLE `person` (
  `id_person` int(11) NOT NULL AUTO_INCREMENT,
  `last_name` varchar(45) NOT NULL DEFAULT 'Unknown',
  `name` varchar(45) NOT NULL,
  `date_of_birth` date NOT NULL,
  `patronymic` varchar(45) NOT NULL,
  `sex` varchar(45) NOT NULL,
  `status` varchar(45) NOT NULL,
  `e_mail` varchar(45) NOT NULL,
  `link_self_site` varchar(45) NOT NULL,
  `id_city` int(11) NOT NULL,
  `reiting` double NOT NULL,
  `id_division` int(11) NOT NULL,
  `id_post` int(11) NOT NULL,
  PRIMARY KEY (`id_person`),
  KEY `fk_person_city1_idx` (`id_city`),
  KEY `fk_person_division1_idx` (`id_division`),
  KEY `fk_person_post1_idx` (`id_post`),
  CONSTRAINT `FK9nb4rbe7d06wnn4esyw2huxl3` FOREIGN KEY (`id_city`) REFERENCES `city` (`id_city`),
  CONSTRAINT `FKcgtabh8sctyugc6u79nfr6co5` FOREIGN KEY (`id_post`) REFERENCES `post` (`id_post`),
  CONSTRAINT `FKepr441mp7tacwhsa6p8bpy9fn` FOREIGN KEY (`id_division`) REFERENCES `department` (`id_department`),
  CONSTRAINT `fk_person_city1` FOREIGN KEY (`id_city`) REFERENCES `city` (`id_city`) ON DELETE NO ACTION ON UPDATE NO ACTION,
  CONSTRAINT `fk_person_division1` FOREIGN KEY (`id_division`) REFERENCES `department` (`id_department`) ON DELETE NO ACTION ON UPDATE NO ACTION,
  CONSTRAINT `fk_person_post1` FOREIGN KEY (`id_post`) REFERENCES `post` (`id_post`) ON DELETE NO ACTION ON UPDATE NO ACTION
) ENGINE=InnoDB AUTO_INCREMENT=6 DEFAULT CHARSET=utf8;
/*!40101 SET character_set_client = @saved_cs_client */;

--
-- Dumping data for table `person`
--

LOCK TABLES `person` WRITE;
/*!40000 ALTER TABLE `person` DISABLE KEYS */;
INSERT INTO `person` VALUES (1,'Абрамович','Виктор','1992-08-01','Павлович','Мужской','Свободен','test@gmail.com','vk.com',1,0,1,1),(2,'Мартыненко','Андрей','1992-09-20','Юрьевич','Мужской','Нет отношений','lumiandrey@mail.ru','http://vk.com/id118622633',3,389,1,3),(3,'Воробей','Юлия','1992-12-19','Геннадьевна','Женский','Замужем','vorobey_j@gmail.com','http://vk.com/id93439395',1,542,1,2),(4,'Семикина','Дарья','1992-04-08','Сергеевна','Женский','Нет отношений','dariassem@gmail.com','http://vk.com/id46787076',15,534,1,2),(5,'Карачун','Владислав','1992-06-24','Кириллович','Мужской','Женат','karachun@gmail.com','https://new.vk.com/im?sel=180455441',3,674,1,4);
/*!40000 ALTER TABLE `person` ENABLE KEYS */;
UNLOCK TABLES;

--
-- Table structure for table `person_pisl`
--

DROP TABLE IF EXISTS `person_pisl`;
/*!40101 SET @saved_cs_client     = @@character_set_client */;
/*!40101 SET character_set_client = utf8 */;
CREATE TABLE `person_pisl` (
  `idperson_pisl` int(11) NOT NULL AUTO_INCREMENT,
  `first_name` varchar(45) NOT NULL,
  `name` varchar(45) NOT NULL,
  `last_name` varchar(45) NOT NULL,
  `sex` varchar(45) NOT NULL,
  `pasport_number` varchar(45) NOT NULL,
  `hphone` varchar(45) DEFAULT NULL,
  `birthday` date NOT NULL,
  `serial_pasport` varchar(45) NOT NULL,
  `organization_give_passport` varchar(45) NOT NULL,
  `date_give_pasport` date NOT NULL,
  `identify_number` varchar(45) NOT NULL,
  `place_of_birth` varchar(45) NOT NULL,
  `adress_living` varchar(45) NOT NULL,
  `mphone` varchar(45) DEFAULT NULL,
  `e_mail` varchar(45) DEFAULT NULL,
  `working_place` varchar(45) NOT NULL,
  `post` varchar(45) NOT NULL,
  `city_residence` varchar(45) NOT NULL,
  `address_residence` varchar(45) NOT NULL,
  `marital_status` varchar(45) NOT NULL,
  `nationality` varchar(45) NOT NULL,
  `disability` varchar(45) NOT NULL,
  `pensioner` bit(1) NOT NULL,
  `monthly_income` double DEFAULT NULL,
  `Reservist` bit(1) NOT NULL,
  `recieveTime` datetime DEFAULT NULL,
  PRIMARY KEY (`idperson_pisl`),
  UNIQUE KEY `idperson_pisl_UNIQUE` (`idperson_pisl`),
  UNIQUE KEY `pasport_number_UNIQUE` (`pasport_number`)
) ENGINE=InnoDB AUTO_INCREMENT=48 DEFAULT CHARSET=utf8;
/*!40101 SET character_set_client = @saved_cs_client */;

--
-- Dumping data for table `person_pisl`
--

LOCK TABLES `person_pisl` WRITE;
/*!40000 ALTER TABLE `person_pisl` DISABLE KEYS */;
INSERT INTO `person_pisl` VALUES (38,'Белевич','Андриаш','Сергеевич','Мужской','4839495','8494968','1996-01-08','PB','RUVD  Frunzenskogo rayona','2010-01-20','647890','Minsk7','0','7483748','huawei-9@mail.ru','BSUIR','Student','0','YMavra','1','0','0','\0',0,'','2016-05-05 09:37:12'),(39,'GitLab','Nikita','Griboedov','Женский','5894589','5896556','2016-01-14','KR','ROVD Minskoy Oblasti','2016-01-14','656789','Mogilevlolololo','9','5859596','huawei-9@mail.ru','Absolute Soft BSUIR','IT-Engeniireng','9','beiker street','3','3','0','\0',200.5,'','2016-05-05 09:43:48'),(40,'Табальчук','Nikita','Vitalievich','Мужской','KR2034','+375175031560','2016-01-07','PB','RUVD  Frunzenskogo rayona','2002-01-07','0001-0002-0000-0001KB','Minsk','9','+375291722783','huawei-9@mail.ru','BSUIR EI','Student','0','YMavra','1','0','0','\0',20.5,'','2011-11-11 11:11:01'),(41,'Tabalchyk','Nikita','Vitalievich','Мужской','KR2035','+375175031560','2016-01-07','PB','RUVD  Frunzenskogo rayona','2002-01-07','0001-0002-0000-0001KB','Minsk','3','+375291722783','huawei-9@mail.ru','BSUIR','Student','0','YMavra','1','2','4','\0',0,'','2011-11-11 11:11:01'),(43,'Карачун ','Владислав','Кириллович','Мужской','КB223047','+375173901357','1996-01-24','PB','Фрунзенское РУВД','2010-01-20','5695-8549-9856-9856','Род дом № 2','0','не помню','karachunvladislav@gmail.com','BSUIR','Student','0','Нововиленская','3','0','4','\0',0,'','2011-11-11 11:11:01'),(44,'Семикина','Дарья','Сергеевна','Женский','КB223042','+375173901357','1996-01-24','PB','Фрунзенское РУВД','2010-01-20','5695-8549-9856-9856','Род дом № 2','0','не помню','karachunvladislav@gmail.com','BSUIR','Student','0','Скрипникова','4','0','4','\0',0,'','2011-11-11 11:11:01'),(45,'Tabalchyk','Nikita','Vitalievich','Мужской','KR2038','+375175031560','2016-01-07','PB','RUVD  Frunzenskogo rayona','2002-01-07','0001-0002-0000-0001KB','Minsk','7','+375291722783','huawei-9@mail.ru','BSUIR','Student','0','YMavra','1','1','4','\0',0,'','2011-11-11 11:11:01'),(46,'Rhbxey','lololo','gradle','Мужской','КB22304785','+375173901357','2016-05-03','PB','Фрунзенское РУВД','2016-05-03','5695-8549-9856-9856','Род дом № 2','0','не помню','karachunvladislav@gmail.com','BSUIR','Student','0','Нововиленская','3','0','4','\0',0,'','2016-05-03 16:29:26'),(47,'Даша','Даша','ДАша','Мужской','2345678','5648599','1996-04-08','MP','РОВД лололололололол','1995-09-20','uf281kfi123','Роддомлололололо','10','3736660','huawei-9@mail.ri','BSUIR incorporaited','BSUIR','10','Старовиленская','0','0','0','\0',0,'','2016-05-05 07:35:20');
/*!40000 ALTER TABLE `person_pisl` ENABLE KEYS */;
UNLOCK TABLES;

--
-- Table structure for table `post`
--

DROP TABLE IF EXISTS `post`;
/*!40101 SET @saved_cs_client     = @@character_set_client */;
/*!40101 SET character_set_client = utf8 */;
CREATE TABLE `post` (
  `id_post` int(11) NOT NULL AUTO_INCREMENT,
  `name_post` varchar(60) NOT NULL,
  `rang` varchar(45) NOT NULL,
  `income` int(11) NOT NULL,
  `working_schedule` varchar(45) NOT NULL,
  PRIMARY KEY (`id_post`),
  UNIQUE KEY `id_post_UNIQUE` (`id_post`)
) ENGINE=InnoDB AUTO_INCREMENT=5 DEFAULT CHARSET=utf8;
/*!40101 SET character_set_client = @saved_cs_client */;

--
-- Dumping data for table `post`
--

LOCK TABLES `post` WRITE;
/*!40000 ALTER TABLE `post` DISABLE KEYS */;
INSERT INTO `post` VALUES (1,'programmer','junior',500,'full'),(2,'programmer','middle',1000,'full'),(3,'tester','middle',250,'short'),(4,'design software','senior',3000,'full');
/*!40000 ALTER TABLE `post` ENABLE KEYS */;
UNLOCK TABLES;

--
-- Table structure for table `record`
--

DROP TABLE IF EXISTS `record`;
/*!40101 SET @saved_cs_client     = @@character_set_client */;
/*!40101 SET character_set_client = utf8 */;
CREATE TABLE `record` (
  `id_record` int(11) NOT NULL AUTO_INCREMENT,
  `content` varchar(1000) NOT NULL,
  `user_id_user` int(11) NOT NULL,
  `date` datetime DEFAULT CURRENT_TIMESTAMP,
  PRIMARY KEY (`id_record`),
  KEY `fk_record_user1_idx` (`user_id_user`),
  CONSTRAINT `FKd0ktv01tttjx58jkyh3fcss94` FOREIGN KEY (`user_id_user`) REFERENCES `user` (`id_user`),
  CONSTRAINT `fk_record_user1` FOREIGN KEY (`user_id_user`) REFERENCES `user` (`id_user`) ON DELETE NO ACTION ON UPDATE NO ACTION
) ENGINE=InnoDB AUTO_INCREMENT=3 DEFAULT CHARSET=utf8;
/*!40101 SET character_set_client = @saved_cs_client */;

--
-- Dumping data for table `record`
--

LOCK TABLES `record` WRITE;
/*!40000 ALTER TABLE `record` DISABLE KEYS */;
INSERT INTO `record` VALUES (1,'Митинг с заказчиком, в 9.00 в переговорной',1,'2016-04-30 00:37:19'),(2,'В воскресение дедлайн проекта по курсу СИТАиРИС!!',1,'2016-04-30 00:37:19');
/*!40000 ALTER TABLE `record` ENABLE KEYS */;
UNLOCK TABLES;

--
-- Table structure for table `task`
--

DROP TABLE IF EXISTS `task`;
/*!40101 SET @saved_cs_client     = @@character_set_client */;
/*!40101 SET character_set_client = utf8 */;
CREATE TABLE `task` (
  `id_task` int(11) NOT NULL AUTO_INCREMENT,
  `name` varchar(150) DEFAULT NULL,
  `id_data_begin` int(11) NOT NULL,
  `id_data_end` int(11) NOT NULL,
  `id_type_task` int(11) NOT NULL,
  `current` tinyint(1) DEFAULT NULL,
  PRIMARY KEY (`id_task`),
  UNIQUE KEY `id_task_UNIQUE` (`id_task`),
  KEY `fk_task_time1_idx` (`id_data_begin`),
  KEY `fk_task_time2_idx` (`id_data_end`),
  KEY `fk_task_type_task1_idx` (`id_type_task`),
  CONSTRAINT `FK11atxrerm3wbdejddqocl3b42` FOREIGN KEY (`id_type_task`) REFERENCES `type_task` (`id_type_task`),
  CONSTRAINT `FK74edi8wub4b3apejg4mct6h55` FOREIGN KEY (`id_data_begin`) REFERENCES `calendar` (`id_calendar`),
  CONSTRAINT `FKg3p590rqfo2nlv8kgv1ibsjf9` FOREIGN KEY (`id_data_end`) REFERENCES `calendar` (`id_calendar`),
  CONSTRAINT `fk_task_time1` FOREIGN KEY (`id_data_begin`) REFERENCES `calendar` (`id_calendar`) ON DELETE NO ACTION ON UPDATE NO ACTION,
  CONSTRAINT `fk_task_time2` FOREIGN KEY (`id_data_end`) REFERENCES `calendar` (`id_calendar`) ON DELETE NO ACTION ON UPDATE NO ACTION,
  CONSTRAINT `fk_task_type_task1` FOREIGN KEY (`id_type_task`) REFERENCES `type_task` (`id_type_task`) ON DELETE NO ACTION ON UPDATE NO ACTION
) ENGINE=InnoDB DEFAULT CHARSET=utf8;
/*!40101 SET character_set_client = @saved_cs_client */;

--
-- Dumping data for table `task`
--

LOCK TABLES `task` WRITE;
/*!40000 ALTER TABLE `task` DISABLE KEYS */;
/*!40000 ALTER TABLE `task` ENABLE KEYS */;
UNLOCK TABLES;

--
-- Table structure for table `task_has_person`
--

DROP TABLE IF EXISTS `task_has_person`;
/*!40101 SET @saved_cs_client     = @@character_set_client */;
/*!40101 SET character_set_client = utf8 */;
CREATE TABLE `task_has_person` (
  `id_task` int(11) NOT NULL,
  `id_person` int(11) NOT NULL,
  PRIMARY KEY (`id_task`,`id_person`),
  KEY `fk_task_has_person_person1_idx` (`id_person`),
  KEY `fk_task_has_person_task1_idx` (`id_task`),
  CONSTRAINT `FKjnbd2d7s9qgt1u86ix62u5cgc` FOREIGN KEY (`id_person`) REFERENCES `person` (`id_person`),
  CONSTRAINT `FKmaxrurbjn8sd9v7ujwe4dwb94` FOREIGN KEY (`id_task`) REFERENCES `task` (`id_task`),
  CONSTRAINT `fk_task_has_person_person1` FOREIGN KEY (`id_person`) REFERENCES `person` (`id_person`) ON DELETE NO ACTION ON UPDATE NO ACTION,
  CONSTRAINT `fk_task_has_person_task1` FOREIGN KEY (`id_task`) REFERENCES `task` (`id_task`) ON DELETE NO ACTION ON UPDATE NO ACTION
) ENGINE=InnoDB DEFAULT CHARSET=utf8;
/*!40101 SET character_set_client = @saved_cs_client */;

--
-- Dumping data for table `task_has_person`
--

LOCK TABLES `task_has_person` WRITE;
/*!40000 ALTER TABLE `task_has_person` DISABLE KEYS */;
/*!40000 ALTER TABLE `task_has_person` ENABLE KEYS */;
UNLOCK TABLES;

--
-- Table structure for table `type_task`
--

DROP TABLE IF EXISTS `type_task`;
/*!40101 SET @saved_cs_client     = @@character_set_client */;
/*!40101 SET character_set_client = utf8 */;
CREATE TABLE `type_task` (
  `id_type_task` int(11) NOT NULL AUTO_INCREMENT,
  `name_type_task` varchar(45) NOT NULL,
  `complication` float NOT NULL,
  PRIMARY KEY (`id_type_task`),
  UNIQUE KEY `id_type_task_UNIQUE` (`id_type_task`)
) ENGINE=InnoDB AUTO_INCREMENT=2 DEFAULT CHARSET=utf8;
/*!40101 SET character_set_client = @saved_cs_client */;

--
-- Dumping data for table `type_task`
--

LOCK TABLES `type_task` WRITE;
/*!40000 ALTER TABLE `type_task` DISABLE KEYS */;
INSERT INTO `type_task` VALUES (1,'Важное поручение',1.2);
/*!40000 ALTER TABLE `type_task` ENABLE KEYS */;
UNLOCK TABLES;

--
-- Table structure for table `type_user`
--

DROP TABLE IF EXISTS `type_user`;
/*!40101 SET @saved_cs_client     = @@character_set_client */;
/*!40101 SET character_set_client = utf8 */;
CREATE TABLE `type_user` (
  `id_type_user` int(11) NOT NULL AUTO_INCREMENT,
  `name_type` varchar(45) NOT NULL,
  `access_level` int(11) NOT NULL,
  PRIMARY KEY (`id_type_user`),
  UNIQUE KEY `id_type_user_UNIQUE` (`id_type_user`),
  UNIQUE KEY `access_level_UNIQUE` (`access_level`)
) ENGINE=InnoDB AUTO_INCREMENT=5 DEFAULT CHARSET=utf8;
/*!40101 SET character_set_client = @saved_cs_client */;

--
-- Dumping data for table `type_user`
--

LOCK TABLES `type_user` WRITE;
/*!40000 ALTER TABLE `type_user` DISABLE KEYS */;
INSERT INTO `type_user` VALUES (1,'admin',1),(2,'user',2),(3,'manager',3),(4,'user',4);
/*!40000 ALTER TABLE `type_user` ENABLE KEYS */;
UNLOCK TABLES;

--
-- Table structure for table `user`
--

DROP TABLE IF EXISTS `user`;
/*!40101 SET @saved_cs_client     = @@character_set_client */;
/*!40101 SET character_set_client = utf8 */;
CREATE TABLE `user` (
  `id_user` int(11) NOT NULL AUTO_INCREMENT,
  `login` varchar(45) NOT NULL DEFAULT '"Unknown"',
  `password` varchar(130) NOT NULL DEFAULT '"Unknown"',
  `status_session` tinyint(1) NOT NULL DEFAULT '0',
  `status_active` tinyint(1) NOT NULL DEFAULT '0',
  `id_person` int(11) NOT NULL,
  `id_type_user` int(11) NOT NULL,
  PRIMARY KEY (`id_user`),
  UNIQUE KEY `login_UNIQUE` (`login`),
  UNIQUE KEY `id_user_UNIQUE` (`id_user`),
  UNIQUE KEY `person_id_person_UNIQUE` (`id_person`),
  KEY `fk_user_person1_idx` (`id_person`),
  KEY `fk_user_type_user1_idx` (`id_type_user`),
  CONSTRAINT `FKfqvbantwnshruesphwdqf9sfr` FOREIGN KEY (`id_type_user`) REFERENCES `type_user` (`id_type_user`),
  CONSTRAINT `FKrni7il2t4em58m6jcjhh9ehjc` FOREIGN KEY (`id_person`) REFERENCES `person` (`id_person`),
  CONSTRAINT `fk_user_person1` FOREIGN KEY (`id_person`) REFERENCES `person` (`id_person`) ON DELETE NO ACTION ON UPDATE NO ACTION,
  CONSTRAINT `fk_user_type_user1` FOREIGN KEY (`id_type_user`) REFERENCES `type_user` (`id_type_user`) ON DELETE NO ACTION ON UPDATE NO ACTION
) ENGINE=InnoDB AUTO_INCREMENT=6 DEFAULT CHARSET=utf8;
/*!40101 SET character_set_client = @saved_cs_client */;

--
-- Dumping data for table `user`
--

LOCK TABLES `user` WRITE;
/*!40000 ALTER TABLE `user` DISABLE KEYS */;
INSERT INTO `user` VALUES (1,'root','root',1,1,1,1),(2,'Andrey','andrey',1,1,2,2),(3,'Julia','julia',1,1,3,2),(4,'Daria','daria',1,1,4,2),(5,'Vlad','vlad',1,1,5,2);
/*!40000 ALTER TABLE `user` ENABLE KEYS */;
UNLOCK TABLES;

--
-- Dumping events for database 'korporativ_portal'
--

--
-- Dumping routines for database 'korporativ_portal'
--
/*!40103 SET TIME_ZONE=@OLD_TIME_ZONE */;

/*!40101 SET SQL_MODE=@OLD_SQL_MODE */;
/*!40014 SET FOREIGN_KEY_CHECKS=@OLD_FOREIGN_KEY_CHECKS */;
/*!40014 SET UNIQUE_CHECKS=@OLD_UNIQUE_CHECKS */;
/*!40101 SET CHARACTER_SET_CLIENT=@OLD_CHARACTER_SET_CLIENT */;
/*!40101 SET CHARACTER_SET_RESULTS=@OLD_CHARACTER_SET_RESULTS */;
/*!40101 SET COLLATION_CONNECTION=@OLD_COLLATION_CONNECTION */;
/*!40111 SET SQL_NOTES=@OLD_SQL_NOTES */;

-- Dump completed on 2016-05-05 20:20:12
